"","Kingdom","Phylum","Class","Order","Family","Genus","ASV"
"ASV_1291","Bacteria","Verrucomicrobiota","Verrucomicrobiae","Verrucomicrobiales","Verrucomicrobiaceae",NA,"ASV_1291"
"ASV_129","Bacteria","Firmicutes","Clostridia","Lachnospirales","Lachnospiraceae","Epulopiscium","ASV_129"
"ASV_554","Bacteria","Proteobacteria","Alphaproteobacteria","Rhodobacterales","Rhodobacteraceae","Rubellimicrobium","ASV_554"
"ASV_583","Bacteria","Proteobacteria","Alphaproteobacteria","Rhodobacterales","Rhodobacteraceae","Rubribacterium","ASV_583"
"ASV_1234","Bacteria","Bacteroidota","Bacteroidia","Sphingobacteriales","Lentimicrobiaceae",NA,"ASV_1234"
"ASV_1267","Bacteria","Proteobacteria","Gammaproteobacteria","Steroidobacterales","Steroidobacteraceae",NA,"ASV_1267"
"ASV_663","Bacteria","Chloroflexi","Anaerolineae","Caldilineales","Caldilineaceae",NA,"ASV_663"
"ASV_4423","Bacteria","Desulfobacterota","Desulfomonilia","Desulfomonilales","Desulfomonilaceae","Desulfomonile","ASV_4423"
"ASV_1396","Bacteria","Verrucomicrobiota","Verrucomicrobiae","Verrucomicrobiales","Rubritaleaceae","Luteolibacter","ASV_1396"
"ASV_1587","Bacteria","Proteobacteria","Gammaproteobacteria","Chromatiales","Chromatiaceae","Thiocapsa","ASV_1587"
"ASV_1556","Bacteria","Firmicutes","Clostridia","Clostridiales","Clostridiaceae","Clostridium sensu stricto 1","ASV_1556"
"ASV_1834","Bacteria","Proteobacteria","Gammaproteobacteria","Burkholderiales","Nitrosomonadaceae","966-1","ASV_1834"
"ASV_545","Bacteria","Cyanobacteria","Cyanobacteriia","Cyanobacteriales","Microcystaceae",NA,"ASV_545"
"ASV_1677","Bacteria","Proteobacteria","Gammaproteobacteria","Burkholderiales","Sutterellaceae",NA,"ASV_1677"
"ASV_1745","Bacteria","Actinobacteriota","Actinobacteria","Micrococcales","Microbacteriaceae","Candidatus Planktoluna","ASV_1745"
"ASV_262","Bacteria","Proteobacteria","Gammaproteobacteria","Chromatiales","Chromatiaceae","Thiohalocapsa","ASV_262"
"ASV_1383","Bacteria","Firmicutes","Bacilli","Bacillales","Bacillaceae","Bacillus","ASV_1383"
"ASV_208","Bacteria","Cyanobacteria","Cyanobacteriia","Cyanobacteriales","Microcystaceae",NA,"ASV_208"
"ASV_1615","Bacteria","Bacteroidota","Bacteroidia","Chitinophagales","Chitinophagaceae","Aurantisolimonas","ASV_1615"
"ASV_459","Bacteria","Proteobacteria","Alphaproteobacteria","Defluviicoccales","Defluviicoccaceae","Defluviicoccus","ASV_459"
"ASV_229","Bacteria","Cyanobacteria","Cyanobacteriia","Synechococcales","Cyanobiaceae","Cyanobium PCC-6307","ASV_229"
"ASV_934","Bacteria","Proteobacteria","Alphaproteobacteria","Rhodobacterales","Rhodobacteraceae","Rhodobacter","ASV_934"
"ASV_1646","Bacteria","Chloroflexi","Chloroflexia","Chloroflexales","Chloroflexaceae","Candidatus Chlorothrix","ASV_1646"
"ASV_1938","Bacteria","Proteobacteria","Alphaproteobacteria","Rhodobacterales","Rhodobacteraceae","Pseudorhodobacter","ASV_1938"
"ASV_522","Bacteria","Bacteroidota","Bacteroidia","Sphingobacteriales","Lentimicrobiaceae","Lentimicrobium","ASV_522"
"ASV_433","Bacteria","Bacteroidota","Bacteroidia","Chitinophagales","Chitinophagaceae","Aurantisolimonas","ASV_433"
"ASV_765","Bacteria","Proteobacteria","Gammaproteobacteria","Steroidobacterales","Steroidobacteraceae",NA,"ASV_765"
"ASV_2579","Bacteria","Proteobacteria","Alphaproteobacteria","Rhodobacterales","Rhodobacteraceae","Rubellimicrobium","ASV_2579"
"ASV_306","Bacteria","Cyanobacteria","Cyanobacteriia","Cyanobacteriales","Phormidiaceae","Phormidium IAM M-71","ASV_306"
"ASV_1017","Bacteria","Proteobacteria","Gammaproteobacteria","Competibacterales","Competibacteraceae","Candidatus Contendobacter","ASV_1017"
"ASV_1369","Bacteria","Proteobacteria","Gammaproteobacteria","Pseudomonadales","Pseudomonadaceae","Pseudomonas","ASV_1369"
"ASV_677","Bacteria","Desulfobacterota","Desulfobacteria","Desulfobacterales","Desulfosarcinaceae",NA,"ASV_677"
"ASV_970","Bacteria","Cyanobacteria","Cyanobacteriia","Synechococcales","Cyanobiaceae","Synechococcus CC9902","ASV_970"
"ASV_1517","Bacteria","Proteobacteria","Gammaproteobacteria","Burkholderiales","Sutterellaceae",NA,"ASV_1517"
"ASV_1063","Bacteria","Chloroflexi","Chloroflexia","Chloroflexales","Chloroflexaceae",NA,"ASV_1063"
"ASV_357","Bacteria","Proteobacteria","Gammaproteobacteria","Burkholderiales","Comamonadaceae",NA,"ASV_357"
"ASV_613","Bacteria","Verrucomicrobiota","Verrucomicrobiae","Chthoniobacterales","Terrimicrobiaceae","Terrimicrobium","ASV_613"
"ASV_251","Bacteria","Cyanobacteria","Cyanobacteriia","Synechococcales","Cyanobiaceae","Cyanobium PCC-6307","ASV_251"
"ASV_1516","Bacteria","Proteobacteria","Alphaproteobacteria","Rhizobiales","Rhizobiaceae","Hoeflea","ASV_1516"
"ASV_824","Bacteria","Verrucomicrobiota","Verrucomicrobiae","Verrucomicrobiales","Rubritaleaceae","Luteolibacter","ASV_824"
"ASV_148","Bacteria","Cyanobacteria","Cyanobacteriia","Cyanobacteriales","Microcystaceae","Microcystis PCC-7914","ASV_148"
"ASV_154","Bacteria","Proteobacteria","Gammaproteobacteria","Chromatiales","Chromatiaceae",NA,"ASV_154"
"ASV_227","Bacteria","Proteobacteria","Gammaproteobacteria","Burkholderiales","Chitinibacteraceae","Chitinibacter","ASV_227"
"ASV_1753","Bacteria","Bacteroidota","Bacteroidia","Flavobacteriales","Flavobacteriaceae","Flavobacterium","ASV_1753"
"ASV_650","Bacteria","Chloroflexi","Chloroflexia","Chloroflexales","Chloroflexaceae","Chloronema","ASV_650"
"ASV_738","Bacteria","Desulfobacterota","Desulfobulbia","Desulfobulbales","Desulfocapsaceae","Desulforhopalus","ASV_738"
"ASV_16","Bacteria","Spirochaetota","Brevinematia","Brevinematales","Brevinemataceae","Brevinema","ASV_16"
"ASV_161","Bacteria","Proteobacteria","Gammaproteobacteria","Enterobacterales","Vibrionaceae","Vibrio","ASV_161"
"ASV_37","Bacteria","Desulfobacterota","Desulfovibrionia","Desulfovibrionales","Desulfovibrionaceae",NA,"ASV_37"
"ASV_203","Bacteria","Bacteroidota","Bacteroidia","Cytophagales","Cyclobacteriaceae","Algoriphagus","ASV_203"
"ASV_991","Bacteria","Proteobacteria","Alphaproteobacteria","Rhodobacterales","Rhodobacteraceae","Tabrizicola","ASV_991"
"ASV_973","Bacteria","Proteobacteria","Alphaproteobacteria","Rhodobacterales","Rhodobacteraceae","Seohaeicola","ASV_973"
"ASV_1764","Bacteria","Proteobacteria","Gammaproteobacteria","Burkholderiales","Nitrosomonadaceae","966-1","ASV_1764"
"ASV_3877","Bacteria","Actinobacteriota","Actinobacteria","Frankiales","Sporichthyaceae","Longivirga","ASV_3877"
"ASV_43","Bacteria","Proteobacteria","Gammaproteobacteria","Enterobacterales","Vibrionaceae","Vibrio","ASV_43"
"ASV_1127","Archaea","Halobacterota","Methanomicrobia","Methanomicrobiales","Methanoregulaceae","Methanolinea","ASV_1127"
"ASV_576","Bacteria","Proteobacteria","Gammaproteobacteria","Steroidobacterales","Steroidobacteraceae",NA,"ASV_576"
"ASV_1061","Bacteria","Proteobacteria","Alphaproteobacteria","Rhodobacterales","Rhodobacteraceae","Rubribacterium","ASV_1061"
"ASV_269","Bacteria","Proteobacteria","Gammaproteobacteria","Chromatiales","Chromatiaceae","Thiorhodovibrio","ASV_269"
"ASV_1199","Bacteria","Proteobacteria","Gammaproteobacteria","Chromatiales","Chromatiaceae",NA,"ASV_1199"
"ASV_758","Bacteria","Verrucomicrobiota","Verrucomicrobiae","Chthoniobacterales","Terrimicrobiaceae","Terrimicrobium","ASV_758"
"ASV_1380","Bacteria","Proteobacteria","Gammaproteobacteria","Chromatiales","Chromatiaceae","Lamprocystis","ASV_1380"
"ASV_649","Bacteria","Firmicutes","Bacilli","Bacillales","Bacillaceae",NA,"ASV_649"
"ASV_2690","Bacteria","Dependentiae","Babeliae","Babeliales","Vermiphilaceae",NA,"ASV_2690"
"ASV_808","Bacteria","Cyanobacteria","Cyanobacteriia","Synechococcales","Cyanobiaceae","Cyanobium PCC-6307","ASV_808"
"ASV_1580","Bacteria","Proteobacteria","Alphaproteobacteria","Rhizobiales","Beijerinckiaceae","Psychroglaciecola","ASV_1580"
"ASV_536","Bacteria","Desulfobacterota","Desulfobulbia","Desulfobulbales","Desulfocapsaceae",NA,"ASV_536"
"ASV_593","Bacteria","Verrucomicrobiota","Verrucomicrobiae","Verrucomicrobiales","Rubritaleaceae","Luteolibacter","ASV_593"
"ASV_6114","Bacteria","Desulfobacterota","Desulfobulbia","Desulfobulbales","Desulfocapsaceae","[Desulfobacterium] catecholicum group","ASV_6114"
"ASV_1462","Bacteria","Myxococcota","Myxococcia","Myxococcales","Myxococcaceae","P3OB-42","ASV_1462"
"ASV_1149","Bacteria","Verrucomicrobiota","Verrucomicrobiae","Chthoniobacterales","Terrimicrobiaceae","Terrimicrobium","ASV_1149"
"ASV_218","Bacteria","Proteobacteria","Alphaproteobacteria","Rhodobacterales","Rhodobacteraceae","Rubribacterium","ASV_218"
"ASV_1377","Bacteria","Proteobacteria","Alphaproteobacteria","Acetobacterales","Acetobacteraceae","Roseomonas","ASV_1377"
"ASV_780","Bacteria","Proteobacteria","Gammaproteobacteria","Burkholderiales","Alcaligenaceae","GKS98 freshwater group","ASV_780"
"ASV_720","Bacteria","Proteobacteria","Alphaproteobacteria","Rhodobacterales","Rhodobacteraceae","Gemmobacter","ASV_720"
"ASV_412","Bacteria","Verrucomicrobiota","Verrucomicrobiae","Chthoniobacterales","Terrimicrobiaceae","Terrimicrobium","ASV_412"
"ASV_286","Bacteria","Proteobacteria","Alphaproteobacteria","Rhodobacterales","Rhodobacteraceae","Tabrizicola","ASV_286"
"ASV_2674","Bacteria","Bacteroidota","Bacteroidia","Chitinophagales","Chitinophagaceae","Ferruginibacter","ASV_2674"
"ASV_2427","Bacteria","Proteobacteria","Alphaproteobacteria","Defluviicoccales","Defluviicoccaceae","Defluviicoccus","ASV_2427"
"ASV_432","Bacteria","Proteobacteria","Alphaproteobacteria","Rhodobacterales","Rhodobacteraceae","Tabrizicola","ASV_432"
"ASV_1406","Bacteria","Proteobacteria","Gammaproteobacteria","Burkholderiales","B1-7BS",NA,"ASV_1406"
"ASV_2349","Bacteria","Planctomycetota","Planctomycetes","Pirellulales","Pirellulaceae",NA,"ASV_2349"
"ASV_867","Bacteria","Chloroflexi","Chloroflexia","Chloroflexales","Chloroflexaceae","Candidatus Chloroploca","ASV_867"
"ASV_2077","Bacteria","Proteobacteria","Alphaproteobacteria","Defluviicoccales","Defluviicoccaceae","Defluviicoccus","ASV_2077"
"ASV_1584","Bacteria","Proteobacteria","Alphaproteobacteria","Caulobacterales","Caulobacteraceae","Brevundimonas","ASV_1584"
"ASV_1673","Bacteria","Proteobacteria","Alphaproteobacteria","Rhodobacterales","Rhodobacteraceae",NA,"ASV_1673"
"ASV_1312","Bacteria","Cyanobacteria","Cyanobacteriia","Cyanobacteriales","Microcystaceae",NA,"ASV_1312"
"ASV_590","Bacteria","Chloroflexi","Chloroflexia","Chloroflexales","Chloroflexaceae",NA,"ASV_590"
"ASV_998","Bacteria","Proteobacteria","Gammaproteobacteria","Pseudomonadales","Pseudomonadaceae","Pseudomonas","ASV_998"
"ASV_59","Bacteria","Proteobacteria","Gammaproteobacteria","Pseudomonadales","Pseudomonadaceae","Pseudomonas","ASV_59"
"ASV_3079","Bacteria","Proteobacteria","Gammaproteobacteria","Burkholderiales","Rhodocyclaceae",NA,"ASV_3079"
"ASV_697","Bacteria","Proteobacteria","Gammaproteobacteria","Chromatiales","Chromatiaceae",NA,"ASV_697"
"ASV_2129","Bacteria","Firmicutes","Bacilli","Mycoplasmatales","Mycoplasmataceae","Mycoplasma","ASV_2129"
"ASV_810","Bacteria","Bacteroidota","Bacteroidia","Chitinophagales","Chitinophagaceae","Dinghuibacter","ASV_810"
"ASV_2201","Bacteria","Proteobacteria","Gammaproteobacteria","Chromatiales","Chromatiaceae",NA,"ASV_2201"
"ASV_1364","Bacteria","Verrucomicrobiota","Verrucomicrobiae","Verrucomicrobiales","Verrucomicrobiaceae",NA,"ASV_1364"
"ASV_416","Bacteria","Verrucomicrobiota","Verrucomicrobiae","Chthoniobacterales","Terrimicrobiaceae","Terrimicrobium","ASV_416"
"ASV_1564","Bacteria","Proteobacteria","Alphaproteobacteria","Tistrellales","Geminicoccaceae","Candidatus Alysiosphaera","ASV_1564"
"ASV_361","Bacteria","Chloroflexi","Chloroflexia","Chloroflexales","Chloroflexaceae","Candidatus Chlorothrix","ASV_361"
"ASV_503","Bacteria","Proteobacteria","Gammaproteobacteria","Burkholderiales","Alcaligenaceae","Paralcaligenes","ASV_503"
"ASV_1819","Bacteria","Proteobacteria","Alphaproteobacteria","Rhodobacterales","Rhodobacteraceae","Tabrizicola","ASV_1819"
"ASV_343","Bacteria","Proteobacteria","Gammaproteobacteria","Enterobacterales","Enterobacteriaceae","Escherichia-Shigella","ASV_343"
"ASV_57","Bacteria","Proteobacteria","Gammaproteobacteria","Enterobacterales","Aeromonadaceae","Aeromonas","ASV_57"
"ASV_3891","Bacteria","Proteobacteria","Gammaproteobacteria","Legionellales","Legionellaceae","Legionella","ASV_3891"
"ASV_467","Bacteria","Firmicutes","Clostridia","Clostridiales","Clostridiaceae","Clostridium sensu stricto 1","ASV_467"
"ASV_2515","Bacteria","Actinobacteriota","Acidimicrobiia","Microtrichales","Ilumatobacteraceae",NA,"ASV_2515"
"ASV_485","Bacteria","Proteobacteria","Alphaproteobacteria","Defluviicoccales","Defluviicoccaceae","Defluviicoccus","ASV_485"
"ASV_285","Bacteria","Proteobacteria","Gammaproteobacteria","Chromatiales","Chromatiaceae",NA,"ASV_285"
"ASV_3438","Bacteria","Proteobacteria","Alphaproteobacteria","Rhodobacterales","Rhodobacteraceae","Rhodobacter","ASV_3438"
"ASV_2024","Bacteria","Bacteroidota","Bacteroidia","Chitinophagales","Chitinophagaceae","Aurantisolimonas","ASV_2024"
"ASV_132","Bacteria","Cyanobacteria","Cyanobacteriia","Cyanobacteriales","Desertifilaceae","Roseofilum AO1-A","ASV_132"
"ASV_3372","Bacteria","Proteobacteria","Alphaproteobacteria","Rhodobacterales","Rhodobacteraceae","Tabrizicola","ASV_3372"
"ASV_117","Bacteria","Proteobacteria","Alphaproteobacteria","Rhodobacterales","Rhodobacteraceae","Tabrizicola","ASV_117"
"ASV_2060","Bacteria","Proteobacteria","Gammaproteobacteria","Diplorickettsiales","Diplorickettsiaceae","Aquicella","ASV_2060"
"ASV_3622","Bacteria","Desulfobacterota","Desulfobulbia","Desulfobulbales","Desulfocapsaceae","[Desulfobacterium] catecholicum group","ASV_3622"
"ASV_1663","Bacteria","Proteobacteria","Alphaproteobacteria","Rhodobacterales","Rhodobacteraceae","Oceanicella","ASV_1663"
"ASV_1262","Bacteria","Bacteroidota","Bacteroidia","Cytophagales","Cyclobacteriaceae",NA,"ASV_1262"
"ASV_414","Bacteria","Verrucomicrobiota","Verrucomicrobiae","Verrucomicrobiales","Rubritaleaceae","Luteolibacter","ASV_414"
"ASV_935","Bacteria","Desulfobacterota","Syntrophobacteria","Syntrophobacterales","Syntrophobacteraceae","Desulfovirga","ASV_935"
"ASV_2390","Bacteria","Proteobacteria","Gammaproteobacteria","Enterobacterales","Vibrionaceae","Vibrio","ASV_2390"
"ASV_28","Bacteria","Proteobacteria","Gammaproteobacteria","Enterobacterales","Enterobacteriaceae","Plesiomonas","ASV_28"
"ASV_68","Bacteria","Proteobacteria","Gammaproteobacteria","Enterobacterales","Shewanellaceae","Shewanella","ASV_68"
"ASV_342","Bacteria","Proteobacteria","Gammaproteobacteria","Arenicellales","Arenicellaceae","Candidatus Thiosymbion","ASV_342"
"ASV_1128","Bacteria","Proteobacteria","Gammaproteobacteria","Competibacterales","Competibacteraceae","Candidatus Contendobacter","ASV_1128"
"ASV_276","Bacteria","Cyanobacteria","Cyanobacteriia","Cyanobacteriales","Microcystaceae",NA,"ASV_276"
"ASV_1177","Bacteria","Firmicutes","Bacilli","Erysipelotrichales","Erysipelotrichaceae","ZOR0006","ASV_1177"
"ASV_482","Bacteria","Bacteroidota","Bacteroidia","Bacteroidales","LKC2.127-25",NA,"ASV_482"
"ASV_1588","Bacteria","Sumerlaeota","Sumerlaeia","Sumerlaeales","Sumerlaeaceae","Sumerlaea","ASV_1588"
"ASV_3727","Bacteria","Bacteroidota","Bacteroidia","Sphingobacteriales","Lentimicrobiaceae",NA,"ASV_3727"
"ASV_1030","Bacteria","Proteobacteria","Alphaproteobacteria","Rhodobacterales","Rhodobacteraceae",NA,"ASV_1030"
"ASV_624","Bacteria","Firmicutes","Bacilli","Bacillales","Bacillaceae","Bacillus","ASV_624"
"ASV_200","Bacteria","Proteobacteria","Gammaproteobacteria","Chromatiales","Chromatiaceae","Thiocapsa","ASV_200"
"ASV_84","Bacteria","Proteobacteria","Gammaproteobacteria","Enterobacterales","Aeromonadaceae","Aeromonas","ASV_84"
"ASV_721","Bacteria","Cyanobacteria","Cyanobacteriia","Synechococcales","Cyanobiaceae","Cyanobium PCC-6307","ASV_721"
"ASV_879","Bacteria","Proteobacteria","Alphaproteobacteria","Sphingomonadales","Sphingomonadaceae",NA,"ASV_879"
"ASV_544","Bacteria","Proteobacteria","Alphaproteobacteria","Rhodobacterales","Rhodobacteraceae","Rubribacterium","ASV_544"
"ASV_108","Bacteria","Proteobacteria","Gammaproteobacteria","Pseudomonadales","Pseudomonadaceae","Pseudomonas","ASV_108"
"ASV_2061","Bacteria","Chloroflexi","Anaerolineae","Caldilineales","Caldilineaceae",NA,"ASV_2061"
"ASV_1039","Archaea","Halobacterota","Methanosarcinia","Methanosarciniales","Methanosaetaceae","Methanosaeta","ASV_1039"
"ASV_425","Bacteria","Verrucomicrobiota","Verrucomicrobiae","Chthoniobacterales","Terrimicrobiaceae","Terrimicrobium","ASV_425"
"ASV_876","Bacteria","Bacteroidota","Chlorobia","Chlorobiales","Chlorobiaceae","Chlorobaculum","ASV_876"
"ASV_25","Bacteria","Proteobacteria","Gammaproteobacteria","Enterobacterales","Vibrionaceae","Vibrio","ASV_25"
"ASV_303","Bacteria","Proteobacteria","Gammaproteobacteria","Steroidobacterales","Steroidobacteraceae",NA,"ASV_303"
"ASV_62","Bacteria","Firmicutes","Clostridia","Peptostreptococcales-Tissierellales","Peptostreptococcaceae","Romboutsia","ASV_62"
"ASV_89","Bacteria","Proteobacteria","Gammaproteobacteria","Chromatiales","Chromatiaceae",NA,"ASV_89"
"ASV_199","Bacteria","Proteobacteria","Alphaproteobacteria","Rhodobacterales","Rhodobacteraceae","Paracoccus","ASV_199"
"ASV_379","Bacteria","Proteobacteria","Gammaproteobacteria","Chromatiales","Chromatiaceae",NA,"ASV_379"
"ASV_118","Bacteria","Cyanobacteria","Cyanobacteriia","Cyanobacteriales","Phormidiaceae","Trichodesmium IMS101","ASV_118"
"ASV_1751","Bacteria","Proteobacteria","Gammaproteobacteria","Competibacterales","Competibacteraceae","Candidatus Competibacter","ASV_1751"
"ASV_1410","Bacteria","Proteobacteria","Alphaproteobacteria","Acetobacterales","Acetobacteraceae","Roseomonas","ASV_1410"
"ASV_12","Bacteria","Proteobacteria","Gammaproteobacteria","Enterobacterales","Vibrionaceae","Vibrio","ASV_12"
"ASV_2","Bacteria","Proteobacteria","Gammaproteobacteria","Enterobacterales","Aeromonadaceae","Aeromonas","ASV_2"
"ASV_1590","Bacteria","Proteobacteria","Alphaproteobacteria","Rhizobiales","Stappiaceae","Labrenzia","ASV_1590"
"ASV_195","Bacteria","Firmicutes","Bacilli","Bacillales","Bacillaceae","Bacillus","ASV_195"
"ASV_157","Bacteria","Cyanobacteria","Cyanobacteriia","Synechococcales","Cyanobiaceae","Cyanobium PCC-6307","ASV_157"
"ASV_488","Bacteria","Desulfobacterota","Desulfobacteria","Desulfobacterales","Desulfosarcinaceae",NA,"ASV_488"
"ASV_913","Bacteria","Proteobacteria","Alphaproteobacteria","Rhizobiales","Rhizobiales Incertae Sedis","Nordella","ASV_913"
"ASV_1849","Bacteria","Proteobacteria","Gammaproteobacteria","Burkholderiales","Rhodocyclaceae","Candidatus Accumulibacter","ASV_1849"
"ASV_253","Bacteria","Verrucomicrobiota","Verrucomicrobiae","Chthoniobacterales","Terrimicrobiaceae","Terrimicrobium","ASV_253"
"ASV_182","Bacteria","Cyanobacteria","Cyanobacteriia","Cyanobacteriales","Microcystaceae","Microcystis PCC-7914","ASV_182"
"ASV_1728","Bacteria","Proteobacteria","Alphaproteobacteria","Acetobacterales","Elioraeaceae","Elioraea","ASV_1728"
"ASV_1574","Bacteria","Firmicutes","Clostridia","Clostridiales","Clostridiaceae","Clostridium sensu stricto 11","ASV_1574"
"ASV_244","Bacteria","Proteobacteria","Gammaproteobacteria","Arenicellales","Arenicellaceae",NA,"ASV_244"
"ASV_1775","Bacteria","Proteobacteria","Gammaproteobacteria","Burkholderiales","Nitrosomonadaceae","966-1","ASV_1775"
"ASV_2109","Bacteria","Proteobacteria","Alphaproteobacteria","Caedibacterales","Caedibacteraceae","Caedibacter","ASV_2109"
"ASV_1674","Bacteria","Proteobacteria","Alphaproteobacteria","Rhodobacterales","Rhodobacteraceae","Rubribacterium","ASV_1674"
"ASV_2706","Bacteria","Chloroflexi","Anaerolineae","Anaerolineales","Anaerolineaceae","Levilinea","ASV_2706"
"ASV_1041","Bacteria","Verrucomicrobiota","Verrucomicrobiae","Chthoniobacterales","Terrimicrobiaceae","Terrimicrobium","ASV_1041"
"ASV_1247","Bacteria","Proteobacteria","Gammaproteobacteria","Burkholderiales","B1-7BS",NA,"ASV_1247"
"ASV_1020","Bacteria","Chloroflexi","Anaerolineae","Anaerolineales","Anaerolineaceae",NA,"ASV_1020"
"ASV_454","Bacteria","Proteobacteria","Alphaproteobacteria","Rhizobiales","Hyphomicrobiaceae","Hyphomicrobium","ASV_454"
"ASV_2742","Bacteria","Verrucomicrobiota","Verrucomicrobiae","Verrucomicrobiales","Rubritaleaceae","Luteolibacter","ASV_2742"
"ASV_753","Bacteria","Proteobacteria","Alphaproteobacteria","Rhodobacterales","Rhodobacteraceae",NA,"ASV_753"
"ASV_2902","Bacteria","Cyanobacteria","Cyanobacteriia","Cyanobacteriales","Microcystaceae","Microcystis PCC-7914","ASV_2902"
"ASV_773","Bacteria","Proteobacteria","Alphaproteobacteria","Sphingomonadales","Sphingomonadaceae","Porphyrobacter","ASV_773"
"ASV_827","Bacteria","Proteobacteria","Alphaproteobacteria","Rhizobiales","Rhizobiaceae","Nitratireductor","ASV_827"
"ASV_1774","Archaea","Halobacterota","Methanomicrobia","Methanomicrobiales","Methanoregulaceae","Methanolinea","ASV_1774"
"ASV_2416","Bacteria","Desulfobacterota","Syntrophobacteria","Syntrophobacterales","Syntrophobacteraceae",NA,"ASV_2416"
"ASV_928","Bacteria","Cyanobacteria","Vampirivibrionia","Obscuribacterales","Obscuribacteraceae",NA,"ASV_928"
"ASV_420","Bacteria","Desulfobacterota","Desulfobacteria","Desulfobacterales","Desulfosarcinaceae","Sva0081 sediment group","ASV_420"
"ASV_411","Bacteria","Proteobacteria","Alphaproteobacteria","Rhizobiales","Rhizobiales Incertae Sedis",NA,"ASV_411"
"ASV_135","Bacteria","Proteobacteria","Gammaproteobacteria","Chromatiales","Chromatiaceae",NA,"ASV_135"
"ASV_1166","Bacteria","Proteobacteria","Alphaproteobacteria","Rhodobacterales","Rhodobacteraceae",NA,"ASV_1166"
"ASV_1434","Bacteria","Bacteroidota","Bacteroidia","Bacteroidales","Tannerellaceae","Parabacteroides","ASV_1434"
"ASV_2113","Bacteria","Proteobacteria","Gammaproteobacteria","Burkholderiales","Comamonadaceae","Hydrogenophaga","ASV_2113"
"ASV_1006","Bacteria","Chloroflexi","Anaerolineae","Caldilineales","Caldilineaceae",NA,"ASV_1006"
"ASV_1965","Bacteria","Proteobacteria","Gammaproteobacteria","Burkholderiales","SC-I-84",NA,"ASV_1965"
"ASV_2842","Bacteria","Proteobacteria","Alphaproteobacteria","Rhizobiales","Rhizobiaceae",NA,"ASV_2842"
"ASV_4617","Bacteria","Chloroflexi","Anaerolineae","Caldilineales","Caldilineaceae",NA,"ASV_4617"
"ASV_2564","Bacteria","Proteobacteria","Gammaproteobacteria","Chromatiales","Chromatiaceae",NA,"ASV_2564"
"ASV_2540","Bacteria","Cyanobacteria","Cyanobacteriia","Cyanobacteriales","Phormidiaceae","Planktothrix NIVA-CYA 15","ASV_2540"
"ASV_1933","Bacteria","Proteobacteria","Alphaproteobacteria","Rhodobacterales","Rhodobacteraceae","Tabrizicola","ASV_1933"
"ASV_1156","Bacteria","Proteobacteria","Alphaproteobacteria","Acetobacterales","Acetobacteraceae","Roseomonas","ASV_1156"
"ASV_1572","Bacteria","Proteobacteria","Alphaproteobacteria","Rhodobacterales","Rhodobacteraceae","Tropicimonas","ASV_1572"
"ASV_588","Bacteria","Cyanobacteria","Cyanobacteriia","Cyanobacteriales","Microcystaceae","Merismopedia 0BB39S01","ASV_588"
"ASV_860","Bacteria","Proteobacteria","Gammaproteobacteria","Chromatiales","Chromatiaceae","Thiocapsa","ASV_860"
"ASV_1112","Bacteria","Cyanobacteria","Cyanobacteriia","Phormidesmiales","Nodosilineaceae","Nodosilinea PCC-7104","ASV_1112"
"ASV_2383","Bacteria","Verrucomicrobiota","Verrucomicrobiae","Chthoniobacterales","Terrimicrobiaceae","Terrimicrobium","ASV_2383"
"ASV_870","Bacteria","Proteobacteria","Alphaproteobacteria","Rhodobacterales","Rhodobacteraceae",NA,"ASV_870"
"ASV_1863","Bacteria","Spirochaetota","Spirochaetia","Spirochaetales","Spirochaetaceae",NA,"ASV_1863"
"ASV_3230","Bacteria","Bacteroidota","Bacteroidia","Bacteroidales","Prolixibacteraceae",NA,"ASV_3230"
"ASV_1929","Bacteria","Cyanobacteria","Cyanobacteriia","Phormidesmiales","Nodosilineaceae","Nodosilinea PCC-7104","ASV_1929"
"ASV_93","Bacteria","Proteobacteria","Alphaproteobacteria","Rhodobacterales","Rhodobacteraceae",NA,"ASV_93"
"ASV_81","Bacteria","Proteobacteria","Gammaproteobacteria","Pseudomonadales","Pseudomonadaceae","Pseudomonas","ASV_81"
"ASV_155","Bacteria","Firmicutes","Bacilli","Bacillales","Bacillaceae","Bacillus","ASV_155"
"ASV_3623","Bacteria","Proteobacteria","Gammaproteobacteria","Chromatiales","Chromatiaceae",NA,"ASV_3623"
"ASV_2213","Bacteria","Proteobacteria","Alphaproteobacteria","Rhizobiales","Rhizobiaceae","Roseitalea","ASV_2213"
"ASV_1682","Bacteria","Proteobacteria","Alphaproteobacteria","Rhodobacterales","Rhodobacteraceae","Rubellimicrobium","ASV_1682"
"ASV_2822","Bacteria","Proteobacteria","Gammaproteobacteria","Burkholderiales","Comamonadaceae","Hydrogenophaga","ASV_2822"
"ASV_4204","Bacteria","Proteobacteria","Alphaproteobacteria","Acetobacterales","Acetobacteraceae","Roseomonas","ASV_4204"
"ASV_565","Bacteria","Chloroflexi","Chloroflexia","Chloroflexales","Chloroflexaceae","Candidatus Chlorothrix","ASV_565"
"ASV_1171","Bacteria","Verrucomicrobiota","Verrucomicrobiae","Verrucomicrobiales","Rubritaleaceae",NA,"ASV_1171"
"ASV_474","Bacteria","Verrucomicrobiota","Verrucomicrobiae","Verrucomicrobiales","Rubritaleaceae","Luteolibacter","ASV_474"
"ASV_1197","Bacteria","Proteobacteria","Alphaproteobacteria","Rhodobacterales","Rhodobacteraceae","Rubellimicrobium","ASV_1197"
"ASV_3532","Bacteria","Planctomycetota","Phycisphaerae","Phycisphaerales","Phycisphaeraceae","SM1A02","ASV_3532"
"ASV_809","Bacteria","Bacteroidota","Bacteroidia","Chitinophagales","Chitinophagaceae","Dinghuibacter","ASV_809"
"ASV_1154","Bacteria","Bacteroidota","Bacteroidia","Sphingobacteriales","Lentimicrobiaceae",NA,"ASV_1154"
"ASV_912","Bacteria","Proteobacteria","Alphaproteobacteria","Rhizobiales","Xanthobacteraceae","Pseudorhodoplanes","ASV_912"
"ASV_1472","Bacteria","Bacteroidota","Bacteroidia","Bacteroidales","Prolixibacteraceae",NA,"ASV_1472"
"ASV_2437","Bacteria","Proteobacteria","Alphaproteobacteria","Sphingomonadales","Sphingomonadaceae","Sandaracinobacter","ASV_2437"
"ASV_690","Bacteria","Proteobacteria","Alphaproteobacteria","Acetobacterales","Acetobacteraceae","Roseomonas","ASV_690"
"ASV_423","Bacteria","Firmicutes","Clostridia","Clostridiales","Clostridiaceae","Clostridium sensu stricto 1","ASV_423"
"ASV_750","Bacteria","Verrucomicrobiota","Verrucomicrobiae","Chthoniobacterales","Chthoniobacteraceae","LD29","ASV_750"
"ASV_3050","Bacteria","Campylobacterota","Campylobacteria","Campylobacterales","Sulfurimonadaceae","Sulfurimonas","ASV_3050"
"ASV_1670","Bacteria","Verrucomicrobiota","Verrucomicrobiae","Verrucomicrobiales","Rubritaleaceae","Luteolibacter","ASV_1670"
"ASV_3063","Bacteria","Proteobacteria","Gammaproteobacteria","Burkholderiales","Comamonadaceae","Ideonella","ASV_3063"
"ASV_324","Bacteria","Actinobacteriota","Acidimicrobiia","Microtrichales","Ilumatobacteraceae","Ilumatobacter","ASV_324"
"ASV_1257","Bacteria","Firmicutes","Bacilli","Lactobacillales","Streptococcaceae","Lactococcus","ASV_1257"
"ASV_3251","Bacteria","Bacteroidota","Bacteroidia","Sphingobacteriales","Lentimicrobiaceae",NA,"ASV_3251"
"ASV_634","Bacteria","Bacteroidota","Bacteroidia","Cytophagales","Cyclobacteriaceae","Algoriphagus","ASV_634"
"ASV_1636","Bacteria","Patescibacteria","Saccharimonadia","Saccharimonadales","Saccharimonadaceae","TM7a","ASV_1636"
"ASV_1820","Bacteria","Proteobacteria","Alphaproteobacteria","Acetobacterales","Acetobacteraceae","Rhodovastum","ASV_1820"
"ASV_874","Bacteria","Cyanobacteria","Cyanobacteriia","Leptolyngbyales","Leptolyngbyaceae","Arthronema SAG 12.89","ASV_874"
"ASV_2001","Bacteria","Actinobacteriota","Actinobacteria","Micrococcales","Micrococcaceae","Kocuria","ASV_2001"
"ASV_1295","Bacteria","Gemmatimonadota","Gemmatimonadetes","Gemmatimonadales","Gemmatimonadaceae",NA,"ASV_1295"
"ASV_1097","Bacteria","Verrucomicrobiota","Verrucomicrobiae","Verrucomicrobiales","Rubritaleaceae","Luteolibacter","ASV_1097"
"ASV_1878","Bacteria","Verrucomicrobiota","Verrucomicrobiae","Verrucomicrobiales","Rubritaleaceae","Luteolibacter","ASV_1878"
"ASV_188","Bacteria","Proteobacteria","Alphaproteobacteria","Rhodobacterales","Rhodobacteraceae","Rubrimonas","ASV_188"
"ASV_484","Bacteria","Proteobacteria","Alphaproteobacteria","Rickettsiales","Rickettsiaceae","Candidatus Megaira","ASV_484"
"ASV_162","Bacteria","Proteobacteria","Gammaproteobacteria","Enterobacterales","Shewanellaceae","Shewanella","ASV_162"
"ASV_747","Bacteria","Proteobacteria","Gammaproteobacteria","Burkholderiales","Sutterellaceae",NA,"ASV_747"
"ASV_705","Bacteria","Proteobacteria","Gammaproteobacteria","Chromatiales","Chromatiaceae","Thiocapsa","ASV_705"
"ASV_476","Bacteria","Cyanobacteria","Cyanobacteriia","Cyanobacteriales","Phormidiaceae","Phormidium IAM M-71","ASV_476"
"ASV_1941","Bacteria","Bacteroidota","Bacteroidia","Sphingobacteriales","Lentimicrobiaceae",NA,"ASV_1941"
"ASV_90","Bacteria","Cyanobacteria","Cyanobacteriia","Cyanobacteriales","Paraspirulinaceae","Spirulina CCC Snake P-Y-85","ASV_90"
"ASV_11","Bacteria","Proteobacteria","Gammaproteobacteria","Enterobacterales","Aeromonadaceae","Aeromonas","ASV_11"
"ASV_585","Bacteria","Firmicutes","Clostridia","Peptostreptococcales-Tissierellales","Peptostreptococcaceae","Paeniclostridium","ASV_585"
"ASV_1026","Bacteria","Firmicutes","Bacilli","Exiguobacterales","Exiguobacteraceae","Exiguobacterium","ASV_1026"
"ASV_243","Bacteria","Firmicutes","Clostridia","Clostridiales","Clostridiaceae","Clostridium sensu stricto 1","ASV_243"
"ASV_2169","Bacteria","Desulfobacterota","Desulfobulbia","Desulfobulbales","Desulfocapsaceae","Desulforhopalus","ASV_2169"
"ASV_41","Bacteria","Proteobacteria","Gammaproteobacteria","Enterobacterales","Aeromonadaceae","Aeromonas","ASV_41"
"ASV_326","Bacteria","Proteobacteria","Alphaproteobacteria","Rhodobacterales","Rhodobacteraceae","Amaricoccus","ASV_326"
"ASV_278","Bacteria","Proteobacteria","Alphaproteobacteria","Rhodobacterales","Rhodobacteraceae","Rubribacterium","ASV_278"
"ASV_899","Bacteria","Proteobacteria","Alphaproteobacteria","Rhodobacterales","Rhodobacteraceae","Rubribacterium","ASV_899"
"ASV_1770","Bacteria","Chloroflexi","Anaerolineae","Caldilineales","Caldilineaceae",NA,"ASV_1770"
"ASV_653","Bacteria","Firmicutes","Bacilli","Bacillales","Bacillaceae","Bacillus","ASV_653"
"ASV_925","Bacteria","Proteobacteria","Alphaproteobacteria","Sphingomonadales","Sphingomonadaceae","Porphyrobacter","ASV_925"
"ASV_173","Bacteria","Fusobacteriota","Fusobacteriia","Fusobacteriales","Fusobacteriaceae","Cetobacterium","ASV_173"
"ASV_1772","Bacteria","Firmicutes","Clostridia","Oscillospirales","Ruminococcaceae",NA,"ASV_1772"
"ASV_70","Bacteria","Firmicutes","Clostridia","Peptostreptococcales-Tissierellales","Peptostreptococcaceae","Romboutsia","ASV_70"
"ASV_1140","Bacteria","Proteobacteria","Alphaproteobacteria","Rhodobacterales","Rhodobacteraceae","Rubribacterium","ASV_1140"
"ASV_421","Bacteria","Firmicutes","Bacilli","Staphylococcales","Staphylococcaceae","Staphylococcus","ASV_421"
"ASV_547","Bacteria","Verrucomicrobiota","Verrucomicrobiae","Verrucomicrobiales","Rubritaleaceae","Luteolibacter","ASV_547"
"ASV_53","Bacteria","Proteobacteria","Gammaproteobacteria","Enterobacterales","Aeromonadaceae","Aeromonas","ASV_53"
"ASV_1861","Bacteria","Proteobacteria","Alphaproteobacteria","Tistrellales","Geminicoccaceae",NA,"ASV_1861"
"ASV_2547","Bacteria","Desulfobacterota","Syntrophobacteria","Syntrophobacterales","Syntrophobacteraceae","Desulfovirga","ASV_2547"
"ASV_232","Bacteria","Proteobacteria","Alphaproteobacteria","Rhodospirillales","Rhodospirillaceae","Haematospirillum","ASV_232"
"ASV_455","Bacteria","Proteobacteria","Alphaproteobacteria","Rhodobacterales","Rhodobacteraceae","Rubellimicrobium","ASV_455"
"ASV_767","Bacteria","Bacteroidota","Bacteroidia","Flavobacteriales","Weeksellaceae","Chryseobacterium","ASV_767"
"ASV_337","Bacteria","Firmicutes","Bacilli","Bacillales","Bacillaceae","Bacillus","ASV_337"
"ASV_2098","Bacteria","Proteobacteria","Gammaproteobacteria","Chromatiales","Chromatiaceae","Thiophaeococcus","ASV_2098"
"ASV_1527","Bacteria","Cyanobacteria","Cyanobacteriia","Phormidesmiales","Nodosilineaceae","Nodosilinea PCC-7104","ASV_1527"
"ASV_627","Bacteria","Proteobacteria","Alphaproteobacteria","Rhodobacterales","Rhodobacteraceae","Rhodovulum","ASV_627"
"ASV_1680","Bacteria","Proteobacteria","Alphaproteobacteria","Sphingomonadales","Sphingomonadaceae","Porphyrobacter","ASV_1680"
"ASV_2162","Bacteria","Proteobacteria","Alphaproteobacteria","Caedibacterales","Caedibacteraceae","Caedibacter","ASV_2162"
"ASV_2043","Bacteria","Proteobacteria","Gammaproteobacteria","Chromatiales","Chromatiaceae",NA,"ASV_2043"
"ASV_1961","Bacteria","Bacteroidota","Bacteroidia","Sphingobacteriales","ST-12K33",NA,"ASV_1961"
"ASV_577","Bacteria","Firmicutes","Bacilli","Bacillales","Bacillaceae","Bacillus","ASV_577"
"ASV_415","Bacteria","Proteobacteria","Alphaproteobacteria","Rhodobacterales","Rhodobacteraceae","Rubribacterium","ASV_415"
"ASV_1353","Bacteria","Bacteroidota","Bacteroidia","Cytophagales","Cyclobacteriaceae",NA,"ASV_1353"
"ASV_2426","Bacteria","Cyanobacteria","Cyanobacteriia","Cyanobacteriales","Microcystaceae",NA,"ASV_2426"
"ASV_1021","Bacteria","Proteobacteria","Gammaproteobacteria","Methylococcales","Methylococcaceae","Methylocaldum","ASV_1021"
"ASV_9","Bacteria","Proteobacteria","Gammaproteobacteria","Enterobacterales","Aeromonadaceae","Aeromonas","ASV_9"
"ASV_120","Bacteria","Cyanobacteria","Cyanobacteriia","Synechococcales","Cyanobiaceae","Cyanobium PCC-6307","ASV_120"
"ASV_167","Bacteria","Proteobacteria","Alphaproteobacteria","Rhodobacterales","Rhodobacteraceae","Tabrizicola","ASV_167"
"ASV_3827","Bacteria","Cyanobacteria","Cyanobacteriia","Phormidesmiales","Nodosilineaceae",NA,"ASV_3827"
"ASV_508","Bacteria","Cyanobacteria","Cyanobacteriia","Cyanobacteriales","Microcystaceae","Microcystis PCC-7914","ASV_508"
"ASV_990","Bacteria","Cyanobacteria","Cyanobacteriia","Cyanobacteriales","Microcystaceae","Microcystis PCC-7914","ASV_990"
"ASV_1459","Bacteria","Proteobacteria","Alphaproteobacteria","Sphingomonadales","Sphingomonadaceae","Sandaracinobacter","ASV_1459"
"ASV_283","Bacteria","Bacteroidota","Bacteroidia","Chitinophagales","Chitinophagaceae","Dinghuibacter","ASV_283"
"ASV_1207","Bacteria","Proteobacteria","Alphaproteobacteria","Defluviicoccales","Defluviicoccaceae","Defluviicoccus","ASV_1207"
"ASV_1535","Bacteria","Proteobacteria","Gammaproteobacteria","Burkholderiales","SC-I-84",NA,"ASV_1535"
"ASV_1637","Bacteria","Bacteroidota","Bacteroidia","Sphingobacteriales","Lentimicrobiaceae","Lentimicrobium","ASV_1637"
"ASV_1338","Bacteria","Synergistota","Synergistia","Synergistales","Synergistaceae","Candidatus Tammella","ASV_1338"
"ASV_217","Bacteria","Firmicutes","Bacilli","Bacillales","Bacillaceae","Bacillus","ASV_217"
"ASV_358","Bacteria","Proteobacteria","Alphaproteobacteria","Tistrellales","Geminicoccaceae","Candidatus Alysiosphaera","ASV_358"
"ASV_391","Bacteria","Cyanobacteria","Cyanobacteriia","Cyanobacteriales","Microcystaceae","Synechocystis PCC-6803","ASV_391"
"ASV_666","Bacteria","Cyanobacteria","Cyanobacteriia","Synechococcales","Cyanobiaceae","Cyanobium PCC-6307","ASV_666"
"ASV_1581","Bacteria","Chloroflexi","Anaerolineae","SBR1031","A4b",NA,"ASV_1581"
"ASV_967","Bacteria","Proteobacteria","Alphaproteobacteria","Rhodobacterales","Rhodobacteraceae","Tropicimonas","ASV_967"
"ASV_430","Bacteria","Bacteroidota","Bacteroidia","Chitinophagales","Chitinophagaceae","Aurantisolimonas","ASV_430"
"ASV_288","Bacteria","Proteobacteria","Alphaproteobacteria","Rhizobiales","Rhizobiales Incertae Sedis",NA,"ASV_288"
"ASV_3642","Bacteria","Desulfobacterota","Syntrophobacteria","Syntrophobacterales","Syntrophobacteraceae","Desulfovirga","ASV_3642"
"ASV_2541","Bacteria","Proteobacteria","Alphaproteobacteria","Acetobacterales","Acetobacteraceae","Rubritepida","ASV_2541"
"ASV_698","Bacteria","Proteobacteria","Gammaproteobacteria","Chromatiales","Chromatiaceae","Lamprocystis","ASV_698"
"ASV_599","Bacteria","Proteobacteria","Gammaproteobacteria","Chromatiales","Chromatiaceae","Candidatus Thiobios","ASV_599"
"ASV_1188","Bacteria","Proteobacteria","Alphaproteobacteria","Rhizobiales","Rhizobiaceae","Aminobacter","ASV_1188"
"ASV_7571","Bacteria","Proteobacteria","Gammaproteobacteria","Competibacterales","Competibacteraceae","Candidatus Competibacter","ASV_7571"
"ASV_559","Bacteria","Gemmatimonadota","Gemmatimonadetes","Gemmatimonadales","Gemmatimonadaceae",NA,"ASV_559"
"ASV_1811","Bacteria","Proteobacteria","Alphaproteobacteria","Rhodobacterales","Rhodobacteraceae","Rubribacterium","ASV_1811"
"ASV_1004","Bacteria","Chloroflexi","Anaerolineae","Anaerolineales","Anaerolineaceae",NA,"ASV_1004"
"ASV_1114","Bacteria","Proteobacteria","Gammaproteobacteria","Burkholderiales","Rhodocyclaceae","Dechloromonas","ASV_1114"
"ASV_1598","Bacteria","Proteobacteria","Gammaproteobacteria","Burkholderiales","Comamonadaceae","Hydrogenophaga","ASV_1598"
"ASV_804","Bacteria","Chloroflexi","Chloroflexia","Chloroflexales","Chloroflexaceae","Candidatus Chlorothrix","ASV_804"
"ASV_259","Bacteria","Cyanobacteria","Cyanobacteriia","Synechococcales","Cyanobiaceae","Cyanobium PCC-6307","ASV_259"
"ASV_761","Bacteria","Verrucomicrobiota","Verrucomicrobiae","Chthoniobacterales","Terrimicrobiaceae","Terrimicrobium","ASV_761"
"ASV_1113","Bacteria","Actinobacteriota","Actinobacteria","Micrococcales","Microbacteriaceae","Candidatus Aquiluna","ASV_1113"
"ASV_230","Bacteria","Proteobacteria","Gammaproteobacteria","Steroidobacterales","Steroidobacteraceae",NA,"ASV_230"
"ASV_2143","Bacteria","Proteobacteria","Alphaproteobacteria","Rhodobacterales","Rhodobacteraceae","Limibaculum","ASV_2143"
"ASV_13","Bacteria","Firmicutes","Clostridia","Peptostreptococcales-Tissierellales","Peptostreptococcaceae","Romboutsia","ASV_13"
"ASV_133","Bacteria","Firmicutes","Bacilli","Bacillales","Bacillaceae","Bacillus","ASV_133"
"ASV_1081","Bacteria","Proteobacteria","Gammaproteobacteria","Chromatiales","Chromatiaceae",NA,"ASV_1081"
"ASV_949","Bacteria","Proteobacteria","Alphaproteobacteria","Acetobacterales","Acetobacteraceae","Roseomonas","ASV_949"
"ASV_373","Bacteria","Cyanobacteria","Cyanobacteriia","Synechococcales","Cyanobiaceae","Cyanobium PCC-6307","ASV_373"
"ASV_711","Bacteria","Proteobacteria","Alphaproteobacteria","Rhodobacterales","Rhodobacteraceae","Tabrizicola","ASV_711"
"ASV_589","Bacteria","Desulfobacterota","Desulfobulbia","Desulfobulbales","Desulfocapsaceae","Desulforhopalus","ASV_589"
"ASV_841","Bacteria","Cyanobacteria","Cyanobacteriia","Phormidesmiales","Phormidesmiaceae","Phormidium MBIC10003","ASV_841"
"ASV_1","Bacteria","Firmicutes","Bacilli","Mycoplasmatales","Mycoplasmataceae","Mycoplasma","ASV_1"
"ASV_3","Bacteria","Fusobacteriota","Fusobacteriia","Fusobacteriales","Fusobacteriaceae","Cetobacterium","ASV_3"
"ASV_272","Bacteria","Desulfobacterota","Desulfobacteria","Desulfobacterales","Desulfococcaceae",NA,"ASV_272"
"ASV_1530","Bacteria","Proteobacteria","Gammaproteobacteria","Diplorickettsiales","Diplorickettsiaceae","Aquicella","ASV_1530"
"ASV_5","Bacteria","Proteobacteria","Gammaproteobacteria","Enterobacterales","Vibrionaceae","Vibrio","ASV_5"
"ASV_6","Bacteria","Firmicutes","Bacilli","Mycoplasmatales","Mycoplasmataceae","Mycoplasma","ASV_6"
"ASV_399","Bacteria","Proteobacteria","Alphaproteobacteria","Rhodobacterales","Rhodobacteraceae","Oceanicella","ASV_399"
"ASV_220","Bacteria","Firmicutes","Bacilli","Bacillales","Bacillaceae","Bacillus","ASV_220"
"ASV_894","Bacteria","Cyanobacteria","Cyanobacteriia","Cyanobacteriales","Gloeocapsaceae","Gloeocapsa","ASV_894"
"ASV_1884","Bacteria","Verrucomicrobiota","Verrucomicrobiae","Chthoniobacterales","Terrimicrobiaceae","Terrimicrobium","ASV_1884"
"ASV_3123","Bacteria","Cyanobacteria","Cyanobacteriia","Cyanobacteriales","Gloeocapsaceae","Gloeocapsa","ASV_3123"
"ASV_1419","Bacteria","Planctomycetota","Planctomycetes","Pirellulales","Pirellulaceae","Rhodopirellula","ASV_1419"
"ASV_2466","Bacteria","Desulfobacterota","Desulfobaccia","Desulfobaccales","Desulfobaccaceae","Desulfobacca","ASV_2466"
"ASV_1816","Bacteria","Cyanobacteria","Cyanobacteriia","Cyanobacteriales","Microcystaceae","Synechocystis PCC-6803","ASV_1816"
"ASV_1206","Bacteria","Chloroflexi","Chloroflexia","Chloroflexales","Chloroflexaceae","Candidatus Chlorothrix","ASV_1206"
"ASV_5258","Bacteria","Actinobacteriota","Actinobacteria","Corynebacteriales","Mycobacteriaceae","Mycobacterium","ASV_5258"
"ASV_625","Bacteria","Verrucomicrobiota","Verrucomicrobiae","Verrucomicrobiales","Rubritaleaceae","Luteolibacter","ASV_625"
"ASV_2233","Bacteria","Cyanobacteria","Cyanobacteriia","Cyanobacteriales","Microcystaceae","Synechocystis PCC-6803","ASV_2233"
"ASV_2480","Bacteria","Bacteroidota","Bacteroidia","Bacteroidales","Rikenellaceae",NA,"ASV_2480"
"ASV_1298","Bacteria","Cyanobacteria","Cyanobacteriia","Cyanobacteriales","Microcystaceae",NA,"ASV_1298"
"ASV_2363","Bacteria","Cyanobacteria","Cyanobacteriia","Cyanobacteriales","Nostocaceae","Nostoc PCC-7107","ASV_2363"
"ASV_3115","Bacteria","Firmicutes","Bacilli","Bacillales","Planococcaceae",NA,"ASV_3115"
"ASV_1625","Bacteria","Bacteroidota","Bacteroidia","Sphingobacteriales","NS11-12 marine group",NA,"ASV_1625"
"ASV_1366","Bacteria","Proteobacteria","Alphaproteobacteria","Rhodobacterales","Rhodobacteraceae","Tabrizicola","ASV_1366"
"ASV_2246","Bacteria","Bacteroidota","Bacteroidia","Bacteroidales","Bacteroidaceae","Bacteroides","ASV_2246"
"ASV_637","Bacteria","Verrucomicrobiota","Verrucomicrobiae","Chthoniobacterales","Terrimicrobiaceae","Terrimicrobium","ASV_637"
"ASV_1040","Bacteria","Verrucomicrobiota","Verrucomicrobiae","Verrucomicrobiales","Rubritaleaceae","Luteolibacter","ASV_1040"
"ASV_434","Bacteria","Proteobacteria","Gammaproteobacteria","Arenicellales","Arenicellaceae",NA,"ASV_434"
"ASV_1902","Bacteria","Proteobacteria","Alphaproteobacteria","Rhizobiales","Hyphomicrobiaceae","Hyphomicrobium","ASV_1902"
"ASV_1053","Bacteria","Verrucomicrobiota","Verrucomicrobiae","Verrucomicrobiales","Rubritaleaceae","Luteolibacter","ASV_1053"
"ASV_2977","Bacteria","Bacteroidota","Bacteroidia","Sphingobacteriales","Lentimicrobiaceae",NA,"ASV_2977"
"ASV_1444","Bacteria","Bacteroidota","Bacteroidia","Bacteroidales","Bacteroidetes BD2-2",NA,"ASV_1444"
"ASV_602","Bacteria","Proteobacteria","Gammaproteobacteria","Burkholderiales","Rhodocyclaceae","Azoarcus","ASV_602"
"ASV_1435","Bacteria","Proteobacteria","Alphaproteobacteria","Rickettsiales","Rickettsiaceae","Candidatus Gigarickettsia","ASV_1435"
"ASV_1881","Bacteria","Verrucomicrobiota","Verrucomicrobiae","Verrucomicrobiales","Rubritaleaceae","Luteolibacter","ASV_1881"
"ASV_1331","Bacteria","Actinobacteriota","Actinobacteria","Propionibacteriales","Nocardioidaceae","Nocardioides","ASV_1331"
"ASV_1653","Bacteria","Verrucomicrobiota","Verrucomicrobiae","Verrucomicrobiales","Rubritaleaceae","Luteolibacter","ASV_1653"
"ASV_1600","Bacteria","Bacteroidota","Bacteroidia","Cytophagales","Cyclobacteriaceae",NA,"ASV_1600"
"ASV_740","Bacteria","Cyanobacteria","Cyanobacteriia","Leptolyngbyales","Leptolyngbyaceae","Leptolyngbya ANT.L52.2","ASV_740"
"ASV_352","Archaea","Euryarchaeota","Methanobacteria","Methanobacteriales","Methanobacteriaceae","Methanobacterium","ASV_352"
"ASV_995","Bacteria","Cyanobacteria","Cyanobacteriia","Synechococcales","Cyanobiaceae","Cyanobium PCC-6307","ASV_995"
"ASV_1937","Bacteria","Verrucomicrobiota","Verrucomicrobiae","Chthoniobacterales","Terrimicrobiaceae","Terrimicrobium","ASV_1937"
"ASV_263","Bacteria","Cyanobacteria","Cyanobacteriia","Cyanobacteriales","Phormidiaceae","Arthrospira PCC-7345","ASV_263"
"ASV_436","Bacteria","Bacteroidota","Bacteroidia","Sphingobacteriales","Lentimicrobiaceae","Lentimicrobium","ASV_436"
"ASV_252","Bacteria","Firmicutes","Clostridia","Lachnospirales","Lachnospiraceae","Epulopiscium","ASV_252"
"ASV_489","Bacteria","Desulfobacterota","Desulfobulbia","Desulfobulbales","Desulfocapsaceae","Desulforhopalus","ASV_489"
"ASV_3845","Bacteria","Verrucomicrobiota","Verrucomicrobiae","Chthoniobacterales","Xiphinematobacteraceae","Candidatus Xiphinematobacter","ASV_3845"
"ASV_1814","Bacteria","Proteobacteria","Alphaproteobacteria","Rhodobacterales","Rhodobacteraceae",NA,"ASV_1814"
"ASV_4615","Bacteria","Proteobacteria","Gammaproteobacteria","Pseudomonadales","Moraxellaceae","Acinetobacter","ASV_4615"
"ASV_571","Bacteria","Bacteroidota","Bacteroidia","Cytophagales","Cyclobacteriaceae",NA,"ASV_571"
"ASV_300","Bacteria","Proteobacteria","Gammaproteobacteria","Burkholderiales","B1-7BS",NA,"ASV_300"
"ASV_287","Bacteria","Desulfobacterota","Desulfobulbia","Desulfobulbales","Desulfocapsaceae","Desulforhopalus","ASV_287"
"ASV_1981","Bacteria","Desulfobacterota","Desulfobacteria","Desulfatiglandales","Desulfatiglandaceae","Desulfatiglans","ASV_1981"
"ASV_257","Bacteria","Proteobacteria","Alphaproteobacteria","Rhodobacterales","Rhodobacteraceae","Rubribacterium","ASV_257"
"ASV_1321","Bacteria","Proteobacteria","Alphaproteobacteria","Rhizobiales","Rhizobiaceae","Allorhizobium-Neorhizobium-Pararhizobium-Rhizobium","ASV_1321"
"ASV_1193","Bacteria","Proteobacteria","Gammaproteobacteria","Burkholderiales","Rhodocyclaceae","Thauera","ASV_1193"
"ASV_2299","Bacteria","Desulfobacterota","Desulfobaccia","Desulfobaccales","Desulfobaccaceae","Desulfobacca","ASV_2299"
"ASV_2337","Bacteria","Verrucomicrobiota","Verrucomicrobiae","Verrucomicrobiales","Rubritaleaceae","Haloferula","ASV_2337"
"ASV_898","Bacteria","Proteobacteria","Gammaproteobacteria","Burkholderiales","T34",NA,"ASV_898"
"ASV_273","Bacteria","Cyanobacteria","Cyanobacteriia","Cyanobacteriales","Microcystaceae","Merismopedia 0BB39S01","ASV_273"
"ASV_7375","Bacteria","Dependentiae","Babeliae","Babeliales","Vermiphilaceae",NA,"ASV_7375"
"ASV_3801","Bacteria","Verrucomicrobiota","Verrucomicrobiae","Chthoniobacterales","Terrimicrobiaceae","Terrimicrobium","ASV_3801"
"ASV_2399","Bacteria","Actinobacteriota","Actinobacteria","Propionibacteriales","Nocardioidaceae","Aeromicrobium","ASV_2399"
"ASV_818","Bacteria","Cyanobacteria","Cyanobacteriia","Cyanobacteriales","Cyanobacteriaceae","Synechocystis SAG 90.79","ASV_818"
"ASV_713","Archaea","Halobacterota","Methanomicrobia","Methanomicrobiales","Methanoregulaceae","Methanolinea","ASV_713"
"ASV_1068","Bacteria","Proteobacteria","Gammaproteobacteria","Chromatiales","Chromatiaceae","Thiocapsa","ASV_1068"
"ASV_226","Bacteria","Proteobacteria","Alphaproteobacteria","Rhodobacterales","Rhodobacteraceae","Tropicimonas","ASV_226"
"ASV_1116","Bacteria","Proteobacteria","Gammaproteobacteria","Burkholderiales","Comamonadaceae",NA,"ASV_1116"
"ASV_861","Bacteria","Proteobacteria","Alphaproteobacteria","Acetobacterales","Acetobacteraceae",NA,"ASV_861"
"ASV_206","Bacteria","Proteobacteria","Alphaproteobacteria","Rhodobacterales","Rhodobacteraceae","Tropicimonas","ASV_206"
"ASV_696","Bacteria","Proteobacteria","Alphaproteobacteria","Sphingomonadales","Sphingomonadaceae","Sandaracinobacter","ASV_696"
"ASV_1989","Bacteria","Firmicutes","Bacilli","Bacillales","Bacillaceae","Bacillus","ASV_1989"
"ASV_3187","Bacteria","Proteobacteria","Alphaproteobacteria","Rhizobiales","Hyphomicrobiaceae","Hyphomicrobium","ASV_3187"
"ASV_1414","Bacteria","Proteobacteria","Alphaproteobacteria","Defluviicoccales","Defluviicoccaceae","Defluviicoccus","ASV_1414"
"ASV_100","Bacteria","Proteobacteria","Gammaproteobacteria","Enterobacterales","Aeromonadaceae","Aeromonas","ASV_100"
"ASV_1389","Bacteria","Proteobacteria","Alphaproteobacteria","Rhodobacterales","Rhodobacteraceae",NA,"ASV_1389"
"ASV_17","Bacteria","Fusobacteriota","Fusobacteriia","Fusobacteriales","Fusobacteriaceae","Cetobacterium","ASV_17"
"ASV_1225","Bacteria","Verrucomicrobiota","Verrucomicrobiae","Verrucomicrobiales","Rubritaleaceae","Luteolibacter","ASV_1225"
"ASV_27","Bacteria","Cyanobacteria","Cyanobacteriia","Limnotrichales","Limnotrichaceae","Limnothrix","ASV_27"
"ASV_1550","Bacteria","Proteobacteria","Gammaproteobacteria","Chromatiales","Chromatiaceae","Thiocapsa","ASV_1550"
"ASV_225","Bacteria","Proteobacteria","Alphaproteobacteria","Tistrellales","Geminicoccaceae","Candidatus Alysiosphaera","ASV_225"
"ASV_349","Bacteria","Firmicutes","Bacilli","Mycoplasmatales","Mycoplasmataceae","Candidatus Bacilloplasma","ASV_349"
"ASV_441","Bacteria","Verrucomicrobiota","Verrucomicrobiae","Verrucomicrobiales","Rubritaleaceae","Luteolibacter","ASV_441"
"ASV_983","Bacteria","Verrucomicrobiota","Verrucomicrobiae","Verrucomicrobiales","Rubritaleaceae",NA,"ASV_983"
"ASV_847","Bacteria","Verrucomicrobiota","Verrucomicrobiae","Verrucomicrobiales","Rubritaleaceae","Luteolibacter","ASV_847"
"ASV_1083","Bacteria","Proteobacteria","Alphaproteobacteria","Rhodobacterales","Rhodobacteraceae","Roseobacter clade CHAB-I-5 lineage","ASV_1083"
"ASV_480","Bacteria","Verrucomicrobiota","Verrucomicrobiae","Chthoniobacterales","Terrimicrobiaceae","Terrimicrobium","ASV_480"
"ASV_8473","Bacteria","Proteobacteria","Alphaproteobacteria","Rhizobiales","Beijerinckiaceae","Microvirga","ASV_8473"
"ASV_3212","Bacteria","Proteobacteria","Alphaproteobacteria","Holosporales","Holosporaceae","Holospora","ASV_3212"
"ASV_2190","Bacteria","Desulfobacterota","Desulfobulbia","Desulfobulbales","Desulfocapsaceae",NA,"ASV_2190"
"ASV_65","Bacteria","Firmicutes","Clostridia","Clostridiales","Clostridiaceae","Clostridium sensu stricto 1","ASV_65"
"ASV_19","Bacteria","Firmicutes","Clostridia","Peptostreptococcales-Tissierellales","Peptostreptococcaceae","Paraclostridium","ASV_19"
"ASV_219","Bacteria","Proteobacteria","Gammaproteobacteria","Burkholderiales","Rhodocyclaceae","C39","ASV_219"
"ASV_812","Bacteria","Firmicutes","Bacilli","Bacillales","Planococcaceae","Planococcus","ASV_812"
"ASV_680","Bacteria","Verrucomicrobiota","Verrucomicrobiae","Chthoniobacterales","Terrimicrobiaceae","Terrimicrobium","ASV_680"
"ASV_1319","Bacteria","Proteobacteria","Alphaproteobacteria","Rhizobiales","Stappiaceae","Labrenzia","ASV_1319"
"ASV_2284","Bacteria","Verrucomicrobiota","Verrucomicrobiae","Chthoniobacterales","Terrimicrobiaceae","Terrimicrobium","ASV_2284"
"ASV_2539","Bacteria","Proteobacteria","Alphaproteobacteria","Rhodobacterales","Rhodobacteraceae","Rubribacterium","ASV_2539"
"ASV_888","Bacteria","Proteobacteria","Alphaproteobacteria","Rhodobacterales","Rhodobacteraceae","Tabrizicola","ASV_888"
"ASV_1035","Bacteria","Proteobacteria","Alphaproteobacteria","Sphingomonadales","Sphingomonadaceae","Sandaracinobacter","ASV_1035"
"ASV_246","Bacteria","Firmicutes","Clostridia","Clostridiales","Clostridiaceae","Clostridium sensu stricto 1","ASV_246"
"ASV_325","Bacteria","Cyanobacteria","Cyanobacteriia","Phormidesmiales","Nodosilineaceae",NA,"ASV_325"
"ASV_7","Bacteria","Proteobacteria","Gammaproteobacteria","Enterobacterales","Vibrionaceae","Vibrio","ASV_7"
"ASV_99","Bacteria","Firmicutes","Bacilli","Mycoplasmatales","Mycoplasmataceae","Candidatus Bacilloplasma","ASV_99"
"ASV_393","Bacteria","Proteobacteria","Alphaproteobacteria","Rhodobacterales","Rhodobacteraceae","Gemmobacter","ASV_393"
"ASV_377","Bacteria","Proteobacteria","Alphaproteobacteria","Acetobacterales","Acetobacteraceae","Roseomonas","ASV_377"
"ASV_842","Bacteria","Firmicutes","Bacilli","Bacillales","Bacillaceae","Bacillus","ASV_842"
"ASV_1345","Bacteria","Bacteroidota","Bacteroidia","Flavobacteriales","Cryomorphaceae","Cryomorpha","ASV_1345"
"ASV_656","Bacteria","Proteobacteria","Alphaproteobacteria","Rhodobacterales","Rhodobacteraceae","Rubellimicrobium","ASV_656"
"ASV_193","Bacteria","Proteobacteria","Gammaproteobacteria","Chromatiales","Chromatiaceae",NA,"ASV_193"
"ASV_997","Archaea","Halobacterota","Methanomicrobia","Methanomicrobiales","Methanoregulaceae","Methanolinea","ASV_997"
"ASV_703","Bacteria","Cyanobacteria","Cyanobacteriia","Cyanobacteriales","Cyanobacteriaceae","Synechocystis SAG 90.79","ASV_703"
"ASV_3487","Bacteria","Cyanobacteria","Cyanobacteriia","Cyanobacteriales","Microcystaceae","Microcystis PCC-7914","ASV_3487"
"ASV_1512","Bacteria","Firmicutes","Bacilli","Bacillales","Planococcaceae","Planococcus","ASV_1512"
"ASV_574","Bacteria","Bacteroidota","Bacteroidia","Cytophagales","Cyclobacteriaceae",NA,"ASV_574"
"ASV_3531","Bacteria","Dependentiae","Babeliae","Babeliales","Vermiphilaceae",NA,"ASV_3531"
"ASV_2744","Bacteria","Proteobacteria","Alphaproteobacteria","Rhizobiales","Hyphomicrobiaceae","Pedomicrobium","ASV_2744"
"ASV_691","Bacteria","Proteobacteria","Gammaproteobacteria","Chromatiales","Chromatiaceae","Thiorhodovibrio","ASV_691"
"ASV_873","Bacteria","Cyanobacteria","Cyanobacteriia","Cyanobacteriales","Cyanobacteriaceae",NA,"ASV_873"
"ASV_5392","Bacteria","Planctomycetota","Planctomycetes","Isosphaerales","Isosphaeraceae","Aquisphaera","ASV_5392"
"ASV_1665","Bacteria","Proteobacteria","Alphaproteobacteria","Rhizobiales","Rhizobiaceae",NA,"ASV_1665"
"ASV_932","Bacteria","Proteobacteria","Alphaproteobacteria","Tistrellales","Geminicoccaceae","Candidatus Alysiosphaera","ASV_932"
"ASV_958","Bacteria","Chloroflexi","Chloroflexia","Chloroflexales","Chloroflexaceae","Candidatus Chlorothrix","ASV_958"
"ASV_1223","Bacteria","Proteobacteria","Gammaproteobacteria","Steroidobacterales","Steroidobacteraceae",NA,"ASV_1223"
"ASV_338","Bacteria","Verrucomicrobiota","Verrucomicrobiae","Chthoniobacterales","Terrimicrobiaceae","Terrimicrobium","ASV_338"
"ASV_825","Bacteria","Firmicutes","Bacilli","Mycoplasmatales","Mycoplasmataceae","Candidatus Bacilloplasma","ASV_825"
"ASV_76","Bacteria","Cyanobacteria","Cyanobacteriia","Synechococcales","Cyanobiaceae","Synechococcus MBIC10613","ASV_76"
"ASV_598","Bacteria","Verrucomicrobiota","Verrucomicrobiae","Verrucomicrobiales","Rubritaleaceae","Luteolibacter","ASV_598"
"ASV_1133","Bacteria","Actinobacteriota","Acidimicrobiia","Microtrichales","Ilumatobacteraceae","Ilumatobacter","ASV_1133"
"ASV_2896","Bacteria","Proteobacteria","Gammaproteobacteria","Chromatiales","Chromatiaceae",NA,"ASV_2896"
"ASV_2772","Bacteria","Bacteroidota","Bacteroidia","Bacteroidales","Prolixibacteraceae",NA,"ASV_2772"
"ASV_3280","Bacteria","Proteobacteria","Alphaproteobacteria","Rhodobacterales","Rhodobacteraceae","Roseicyclus","ASV_3280"
"ASV_845","Bacteria","Proteobacteria","Gammaproteobacteria","Chromatiales","Chromatiaceae",NA,"ASV_845"
"ASV_1397","Bacteria","Bacteroidota","Bacteroidia","Flavobacteriales","Cryomorphaceae",NA,"ASV_1397"
"ASV_4367","Bacteria","Proteobacteria","Alphaproteobacteria","Rhodobacterales","Rhodobacteraceae","Roseobacter clade CHAB-I-5 lineage","ASV_4367"
"ASV_551","Bacteria","Proteobacteria","Gammaproteobacteria","Methylococcales","Methylococcaceae","Methylocaldum","ASV_551"
"ASV_776","Bacteria","Proteobacteria","Alphaproteobacteria","Paracaedibacterales","Paracaedibacteraceae",NA,"ASV_776"
"ASV_2259","Bacteria","Proteobacteria","Alphaproteobacteria","Rhizobiales","Beijerinckiaceae","Salinarimonas","ASV_2259"
"ASV_5388","Bacteria","Proteobacteria","Gammaproteobacteria","Competibacterales","Competibacteraceae","Candidatus Competibacter","ASV_5388"
"ASV_1716","Bacteria","Firmicutes","Bacilli","Erysipelotrichales","Erysipelotrichaceae","Breznakia","ASV_1716"
"ASV_1748","Bacteria","Desulfobacterota","Desulfomonilia","Desulfomonilales","Desulfomonilaceae","Desulfomonile","ASV_1748"
"ASV_390","Bacteria","Firmicutes","Bacilli","Erysipelotrichales","Erysipelotrichaceae",NA,"ASV_390"
"ASV_868","Bacteria","Proteobacteria","Alphaproteobacteria","Rhodobacterales","Rhodobacteraceae","Rubribacterium","ASV_868"
"ASV_2860","Bacteria","Proteobacteria","Alphaproteobacteria","Rhodobacterales","Rhodobacteraceae",NA,"ASV_2860"
"ASV_2839","Bacteria","Proteobacteria","Gammaproteobacteria","Chromatiales","Chromatiaceae",NA,"ASV_2839"
"ASV_3319","Bacteria","Cyanobacteria","Cyanobacteriia","Synechococcales","Synechococcales Incertae Sedis","Schizothrix LEGE 07164","ASV_3319"
"ASV_1634","Bacteria","Proteobacteria","Alphaproteobacteria","Rhizobiales","Rhizobiaceae","Allorhizobium-Neorhizobium-Pararhizobium-Rhizobium","ASV_1634"
